t,iteration,max_v,mean_v,n_fast,a_marangoni,a_drag,a_pressure,a_flag,a_total,min_cs,max_cs,mean_cs,constrast_cs
0.0000,0,0.000043,0.000000,0,0.0000,0.0000,0.0007,0.0000,0.0007,0.0000,0.3848,0.0019,204.3349
1.9441,200,0.348107,0.001142,5,34.8610,24.5548,3.2452,2.4414,34.9768,0.0000,10.8545,0.1186,91.5465
3.0530,400,0.448297,0.001103,35,32.9566,26.9818,5.4255,2.1765,29.4236,0.0000,12.6076,0.0950,132.6692
4.0756,600,0.208572,0.000810,12,33.1068,13.4096,4.9043,2.2377,33.4174,0.0000,17.4678,0.0897,194.6621
5.4950,800,0.414083,0.000947,22,27.0614,25.0366,4.6495,2.5326,27.1246,0.0000,22.2399,0.0730,304.6681
6.6733,1000,0.123574,0.000469,2,26.3554,7.7909,3.1250,2.7380,26.3329,0.0000,9.1204,0.0633,144.1017
7.9714,1200,0.208830,0.000381,6,31.9975,24.1134,3.0866,2.9056,31.5876,0.0000,9.1847,0.0507,181.0903
9.1242,1400,0.105035,0.000315,1,38.5163,9.5501,3.0873,2.9873,38.2383,0.0000,9.1289,0.0436,209.2836
10.1622,1600,0.142707,0.000348,1,22.4165,13.3872,3.4884,2.9995,22.3408,0.0000,5.9412,0.0409,145.1014
10.7333,1800,0.169870,0.000333,2,22.1779,15.9220,3.9572,2.9992,22.1516,0.0000,5.8567,0.0390,150.0646
11.0312,2000,0.111554,0.000268,1,22.4797,8.3826,2.9822,2.9998,22.4556,0.0000,5.2525,0.0378,138.9556
11.3780,2200,0.068712,0.000240,0,22.5637,4.9890,2.9623,2.9975,22.5569,0.0000,4.8573,0.0363,133.7055
11.7330,2400,0.107968,0.000241,1,30.8101,7.6699,3.3904,2.9872,31.1500,0.0000,8.5621,0.0357,239.5052
12.0555,2600,0.321394,0.000357,10,34.1586,19.4790,3.1266,2.9713,35.7101,0.0000,8.4307,0.0380,221.8045
12.3582,2800,0.140819,0.000341,4,31.6199,11.5410,2.9522,2.9507,31.6578,0.0000,7.1995,0.0407,176.9085
12.7157,3000,0.115184,0.000303,1,27.9791,7.8699,3.1911,2.9197,28.1565,0.0000,6.8616,0.0410,167.1857
13.2679,3200,0.169494,0.000306,2,48.4259,11.9759,2.7391,2.8582,48.2949,0.0000,9.3549,0.0422,221.6978
13.5861,3400,0.495302,0.000318,5,39.1856,32.5352,3.3951,2.8197,39.8467,0.0000,10.4874,0.0416,251.8157
14.0115,3600,0.594222,0.000319,2,53.1670,39.1906,9.8338,2.8725,60.3965,0.0000,11.9599,0.0425,281.1144
14.1952,3800,0.069920,0.000266,0,33.1095,7.8283,2.8637,2.8929,33.0844,0.0000,11.5762,0.0423,273.7059
14.3017,4000,0.070491,0.000260,0,32.3946,7.9009,2.8310,2.9039,32.3278,0.0000,10.6725,0.0418,255.4834
14.5731,4200,0.237791,0.000284,1,31.9352,16.5430,4.9391,2.9296,31.7998,0.0000,8.6591,0.0409,211.9695
14.7712,4400,0.076646,0.000272,0,30.7809,6.9904,2.9244,2.9461,30.7118,0.0000,7.0781,0.0403,175.6847
14.9065,4600,0.052471,0.000265,0,29.1012,4.5186,2.9280,2.9561,29.0776,0.0000,6.2711,0.0398,157.6483
15.0080,4800,0.046509,0.000260,0,28.0401,4.6979,2.9424,2.9631,28.0073,0.0000,5.7330,0.0393,145.7358
15.1453,5000,0.052452,0.000264,0,26.7920,5.3019,2.9634,2.9715,26.7706,0.0000,5.1286,0.0388,132.3369
15.2640,5200,0.054864,0.000269,0,25.7363,5.5613,2.9582,2.9780,25.7114,0.0000,5.1378,0.0384,133.8889
15.3899,5400,0.048476,0.000271,0,24.5305,4.9888,3.0693,2.9840,24.5540,0.0000,5.0495,0.0380,132.8197
15.5080,5600,0.048073,0.000274,0,23.6787,5.4536,2.9665,2.9888,23.7342,0.0000,5.0835,0.0378,134.5438
15.6923,5800,0.061304,0.000288,0,22.4105,6.9421,2.9955,2.9946,22.5464,0.0000,5.4048,0.0376,143.6613
15.8430,6000,0.090181,0.000311,0,22.0341,8.7428,2.9982,2.9978,22.2068,0.0000,6.1264,0.0379,161.6899
15.9927,6200,0.172466,0.000337,2,23.7509,12.4750,3.0323,2.9996,23.9416,0.0000,7.1827,0.0387,185.6609
16.1961,6400,0.143493,0.000353,3,27.7606,10.5081,2.9908,2.9999,28.2549,0.0000,8.0042,0.0403,198.7970
16.4452,6600,0.122618,0.000319,1,31.7778,8.6925,2.9972,3.0000,31.8714,0.0000,6.3719,0.0414,153.8039
16.7378,6800,0.136540,0.000332,2,31.8147,9.9885,3.0542,3.0000,31.8853,0.0000,6.2673,0.0420,149.2596
17.0810,7000,0.123549,0.000357,2,36.9939,9.1393,2.9962,2.9962,36.8092,0.0000,6.4287,0.0439,146.4938
17.4327,7200,0.100696,0.000329,1,33.1600,7.4426,3.2575,2.9906,33.2410,0.0000,6.9060,0.0437,158.1400
17.6355,7400,0.059346,0.000317,0,30.1442,5.4101,2.9740,2.9962,30.1604,0.0000,5.9716,0.0431,138.5480
17.8223,7600,0.077173,0.000326,0,30.6107,8.3224,3.2768,2.9992,30.5378,0.0000,5.9442,0.0428,138.7703
18.0332,7800,0.159507,0.000337,1,27.4849,17.6258,3.2446,3.0000,27.4651,0.0000,6.4204,0.0428,149.8402
18.5138,8000,0.079396,0.000338,0,25.5292,8.9666,3.1195,2.9998,25.5812,0.0000,5.4104,0.0426,127.0393
18.9412,8200,0.127556,0.000383,2,26.3014,9.5863,2.9821,2.9918,26.3557,0.0000,7.3734,0.0440,167.7227
19.3913,8400,0.089869,0.000361,0,29.6932,6.7911,2.8510,2.9972,29.6593,0.0000,6.5165,0.0449,145.0861
20.0077,8600,0.125906,0.000354,1,27.7366,13.4570,3.2268,3.0000,27.8121,0.0000,5.3532,0.0454,117.8963
20.7413,8800,0.586336,0.000587,9,65.5330,63.5973,9.6641,2.9998,58.6904,0.0000,14.8017,0.0500,296.2831
21.7559,9000,0.725386,0.000595,23,62.3486,48.7673,9.8560,2.9984,47.5082,0.0000,14.2862,0.0552,259.0346
22.8183,9200,0.236861,0.000496,5,42.5239,18.3190,3.2003,2.9488,42.8243,0.0000,11.3087,0.0531,213.1704
24.1555,9400,0.345289,0.000598,2,34.2874,30.7704,2.6996,2.8702,23.9936,0.0000,9.0566,0.0571,158.5939
25.7761,9600,0.263303,0.000608,3,39.4076,23.6697,3.9562,2.9923,38.8925,0.0000,9.3299,0.0657,141.9678
27.5095,9800,0.117290,0.000789,1,32.9458,9.6889,3.3012,2.9872,32.8510,0.0000,7.6191,0.0734,103.8119
28.9620,10000,0.226730,0.000782,4,39.4523,20.7406,3.3344,3.0000,39.3691,0.0000,8.3261,0.0798,104.3738
30.3572,10200,0.110289,0.000754,2,32.3555,11.5016,3.6258,2.9937,32.4614,0.0000,6.4226,0.0754,85.2024
31.0701,10400,0.178464,0.000861,5,42.5105,20.9497,3.2236,3.0000,43.5583,0.0000,8.5988,0.0792,108.5523
32.6919,10600,0.254457,0.001106,25,44.7756,15.3655,3.2401,2.9990,44.9062,0.0000,8.8721,0.0924,96.0367
33.4493,10800,0.222677,0.001190,35,34.7574,16.5204,2.7057,3.0000,34.7143,0.0000,10.3079,0.0952,108.2722
34.7022,11000,0.244977,0.000903,19,42.6819,15.4801,4.5529,2.9994,43.2081,0.0000,8.6611,0.0887,97.6940
36.0910,11200,0.156336,0.000901,14,30.1559,12.7699,3.2585,2.9503,30.1463,0.0000,8.0332,0.0857,93.7096
37.7541,11400,0.214937,0.001008,15,27.2284,14.6997,2.9991,3.0000,27.1451,0.0000,8.2427,0.0888,92.8364
39.4009,11600,0.234732,0.001478,44,29.3650,16.7372,4.6338,2.9939,29.2861,0.0000,8.0991,0.1012,80.0266
41.1787,11800,0.228821,0.002177,113,30.7340,17.7013,4.0914,2.9999,30.6075,0.0000,8.1473,0.1296,62.8601
42.9624,12000,0.197792,0.002097,104,33.0950,16.0492,3.4103,3.0000,32.8448,0.0000,8.1458,0.1436,56.7178
44.7844,12200,0.185928,0.001655,33,39.5399,19.5463,3.4673,2.9981,39.8944,0.0001,11.4631,0.1367,83.8769
46.5901,12400,0.144176,0.001486,16,41.6092,11.9756,2.9929,2.9979,41.9024,0.0002,8.1755,0.1233,66.3000
48.0082,12600,0.227987,0.001790,55,35.3023,14.5812,2.9089,3.0000,35.2494,0.0003,8.4414,0.1265,66.7460
49.6145,12800,0.151981,0.001221,20,52.2210,12.2404,3.3624,2.9831,52.7900,0.0004,10.2094,0.1127,90.6081
50.9299,13000,0.180424,0.001349,26,43.5243,12.4780,3.6791,2.9990,43.4902,0.0004,8.0525,0.1054,76.4256
52.3996,13200,0.433834,0.001441,26,50.2907,35.8081,4.7397,2.9933,50.3634,0.0004,10.6278,0.1036,102.5662
53.1377,13400,0.136135,0.001632,41,116.3451,12.8246,3.5623,2.9844,117.0443,0.0004,15.2186,0.1094,139.1217
53.9210,13600,0.204484,0.001632,30,49.7947,20.0690,3.2897,3.0000,49.7499,0.0004,9.1337,0.1141,80.0621
54.6870,13800,0.207997,0.001427,17,40.1430,18.3979,3.1830,2.9987,40.0581,0.0003,8.5902,0.1109,77.4677
55.4724,14000,0.171959,0.001228,2,35.1427,18.8379,4.1521,2.9696,35.3758,0.0003,8.3960,0.1063,78.9550
56.1219,14200,0.088088,0.001257,0,32.0505,6.5447,3.0267,2.9534,32.1451,0.0003,9.0982,0.1018,89.3628
56.9962,14400,0.195089,0.001503,26,29.1117,12.4007,3.6410,2.9958,29.5683,0.0003,8.8162,0.1003,87.9119
58.3170,14600,0.457816,0.001701,44,34.2319,31.4042,4.5423,2.9999,31.5175,0.0003,6.0205,0.1088,55.3537
59.6346,14800,0.295813,0.001499,20,21.3756,19.9100,3.2102,2.9585,20.3084,0.0003,7.3893,0.1127,65.5764
60.6534,15000,0.261288,0.001792,50,19.1784,21.0316,3.0682,2.9100,19.3706,0.0002,8.5555,0.1125,76.0681
61.4414,15200,0.138685,0.001406,19,34.3553,14.3278,3.1867,2.9718,33.9421,0.0002,7.8657,0.1100,71.5304
62.3671,15400,0.329179,0.001424,18,37.9806,19.6254,3.5568,3.0000,37.9727,0.0002,7.3601,0.1090,67.5219
63.1007,15600,0.234528,0.001422,9,61.5607,14.0813,3.2888,3.0000,61.9052,0.0002,10.2411,0.1079,94.9524
63.7442,15800,0.227070,0.001701,33,43.6344,18.2306,3.7159,2.9993,43.6491,0.0002,10.1675,0.1061,95.8074
64.5978,16000,0.217571,0.001751,46,39.6151,15.3670,3.6217,2.9993,39.3677,0.0002,8.1574,0.1067,76.4719
65.1558,16200,0.224225,0.001999,68,37.7223,19.6358,3.3287,2.9997,37.9565,0.0002,9.3811,0.1084,86.5489
66.0761,16400,0.196312,0.001602,46,36.7326,13.4676,3.2351,2.9996,36.7513,0.0002,7.2395,0.1065,67.9710
66.8678,16600,0.487150,0.001354,13,41.5196,28.8062,3.7263,3.0000,45.1261,0.0002,9.2188,0.1037,88.9094
67.7030,16800,0.149155,0.001404,20,34.9481,13.7149,3.1190,2.9956,35.1130,0.0002,6.9140,0.1009,68.5318
68.5269,17000,0.162739,0.001565,42,33.4290,12.1667,3.2273,2.9705,33.4238,0.0002,6.8448,0.0998,68.5752
69.6778,17200,0.113524,0.001133,22,36.7462,11.7753,3.6250,3.0000,37.0806,0.0001,7.2935,0.0932,78.2382
71.2903,17400,0.145092,0.000886,1,35.5775,16.8910,3.5642,3.0000,35.7348,0.0001,5.3513,0.0822,65.1061
73.0142,17600,0.137659,0.000905,1,28.4230,9.8959,3.0910,2.9339,28.4959,0.0000,5.5305,0.0799,69.1853
74.5086,17800,0.380117,0.001048,19,38.3999,25.3549,7.3405,3.0000,45.7222,0.0000,6.3847,0.0821,77.7980
75.1477,18000,0.057480,0.000696,0,21.2597,3.8200,3.5970,3.0000,21.2866,0.0000,5.0485,0.0773,65.2841
75.5721,18200,0.055343,0.000696,0,19.4770,4.9840,2.9914,2.9967,19.5239,0.0000,4.7615,0.0739,64.4633
75.8984,18400,0.073148,0.000685,0,18.4879,5.6786,3.0048,2.9996,18.5183,0.0000,4.6373,0.0720,64.3895
76.3461,18600,0.187541,0.000728,8,17.3292,12.2341,3.1735,3.0000,17.3727,0.0000,4.5594,0.0709,64.2988
76.8076,18800,0.171566,0.000724,9,25.6145,14.4241,3.3243,2.9988,26.6011,0.0000,4.9882,0.0710,70.2430
77.2052,19000,0.104535,0.000646,2,15.7433,8.6296,3.5654,3.0000,15.5706,0.0000,4.6878,0.0717,65.3759
77.3605,19200,0.144923,0.000639,1,15.2791,8.6799,3.1160,3.0000,15.3471,0.0000,4.6196,0.0721,64.0363
77.7532,19400,0.113087,0.000636,1,15.1670,6.8160,3.2923,3.0000,15.2416,0.0000,4.7006,0.0732,64.1924
78.0523,19600,0.151261,0.000619,1,34.4815,12.8220,2.8821,2.9985,36.6713,0.0000,4.9455,0.0728,67.9553
78.3202,19800,0.084523,0.000598,0,22.5899,7.5045,3.2777,2.9998,24.4633,0.0000,8.9836,0.0719,124.9640
78.4963,20000,0.052815,0.000600,0,14.4494,3.9505,3.1254,2.9998,14.4853,0.0000,7.8923,0.0712,110.7831
78.7625,20200,0.102851,0.000630,1,14.0160,7.6949,3.4421,3.0000,14.0507,0.0000,6.1527,0.0709,86.7797
79.1083,20400,0.165224,0.000710,6,13.6248,11.1882,3.1891,3.0000,13.6552,0.0000,5.4772,0.0721,75.9715
79.4528,20600,0.202281,0.000820,12,13.3139,12.4757,3.4805,2.9964,13.3387,0.0000,5.1624,0.0746,69.1857
80.0259,20800,0.133765,0.000737,1,12.8690,8.0030,2.8166,2.9742,12.8856,0.0000,5.6840,0.0739,76.9350
80.3200,21000,0.063495,0.000721,0,12.6872,4.0550,3.3448,2.9810,12.7006,0.0000,5.1924,0.0731,71.0234
80.6071,21200,0.183024,0.000757,15,13.1284,10.4901,3.1715,2.9923,12.5617,0.0000,4.1699,0.0728,57.2961
81.1018,21400,0.202265,0.000820,20,13.7841,13.6518,2.9505,3.0000,12.4144,0.0000,6.6688,0.0736,90.5833
81.4105,21600,0.160944,0.000729,2,12.4503,9.8829,3.3155,2.9995,12.4558,0.0000,5.4258,0.0746,72.7760
81.5768,21800,0.088867,0.000695,0,12.5503,6.6533,2.9333,3.0000,12.5552,0.0000,4.3613,0.0743,58.6982
81.9454,22000,0.081474,0.000656,0,12.9437,8.3781,3.5747,2.9991,12.9473,0.0000,3.2314,0.0733,44.0618
82.3525,22200,0.094284,0.000626,0,17.4821,8.9534,3.3050,2.9996,17.9683,0.0000,3.8675,0.0721,53.6630
82.6412,22400,0.289341,0.000768,17,42.2163,27.6171,5.8721,2.9999,47.9575,0.0000,5.5490,0.0720,77.1064
83.1230,22600,0.073965,0.000609,0,28.8441,7.7807,3.2121,2.9999,29.3330,0.0000,5.1486,0.0720,71.5029
83.5391,22800,0.071363,0.000620,0,31.9749,4.2803,2.9929,2.9929,32.3811,0.0000,4.4260,0.0718,61.6307
84.2822,23000,0.059059,0.000650,0,16.1133,5.2849,4.4928,2.9760,16.1258,0.0000,4.5760,0.0735,62.2799
85.9604,23200,0.202449,0.000864,9,14.1799,12.2647,2.7732,2.9997,15.8338,0.0000,6.2442,0.0826,75.5888
87.7318,23400,0.387122,0.000929,11,123.0807,23.4136,9.7977,2.9830,127.9304,0.0000,13.6821,0.0878,155.8942
89.2970,23600,0.211329,0.000946,1,83.4716,13.5034,5.4885,2.9737,83.7737,0.0000,12.6601,0.0892,141.8776
90.7343,23800,0.259646,0.001263,15,48.0610,16.0169,3.2121,3.0000,48.1274,0.0000,8.3595,0.1002,83.4516
92.3754,24000,0.307706,0.001650,42,41.8780,21.9076,3.3774,2.9901,41.3149,0.0000,7.5194,0.1229,61.1736
94.1631,24200,0.173128,0.001402,15,69.2261,11.7287,3.5242,3.0000,68.6221,0.0000,8.2358,0.1133,72.6944
95.4768,24400,0.267946,0.001370,23,34.2526,17.3607,3.2265,2.9861,34.2614,0.0000,15.9735,0.1122,142.3523
96.1906,24600,0.195411,0.000932,2,39.0068,12.9222,3.3890,2.9826,39.1283,0.0000,12.0263,0.1005,119.6452
96.6587,24800,0.693515,0.001090,16,63.3221,55.4122,7.9083,2.9975,40.5644,0.0000,9.4389,0.0969,97.3927
97.1675,25000,0.305978,0.001093,22,34.7141,18.3399,3.5663,3.0000,34.7816,0.0000,7.6218,0.0958,79.5618
97.8242,25200,0.157905,0.000918,2,30.7166,9.6755,3.3246,2.9995,30.7468,0.0000,8.0195,0.0937,85.6183
98.3449,25400,0.212271,0.000870,4,28.5651,14.5914,3.0976,2.9869,28.5829,0.0000,7.5285,0.0898,83.8248
98.7834,25600,0.152794,0.000836,5,27.4779,17.2385,2.9478,2.9822,27.4917,0.0000,7.4953,0.0881,85.1183
99.2395,25800,0.137555,0.000727,3,26.8392,9.9243,3.4912,2.9971,26.8493,0.0000,8.6852,0.0849,102.3474
99.7358,26000,0.190258,0.000796,6,26.4580,11.4048,3.0968,3.0000,26.4655,0.0000,10.6311,0.0834,127.4087
